uniCode,parent,Tag,Name,num_childs,SizeLOC,Num_Code_Blocks,num_variables,num_calls,num_read_operations,num_write_operations,num_recursive_calls,num_local_calls,num_external_calls,Nested_Call_Depth,List_of_Code_Blocks
114-0-0-0,,C,backend.commands.trigger.c,45,3932,44,787,75,344,443,0,21,54,75,"[1281, 1299, 1311, 1314, 1316, 1320, 1326, 1334, 1346, 1348, 1353, 1355, 1360, 1362, 1367, 1369, 1375, 1378, 1383, 1385, 1390, 1393, 1398, 1400, 1408, 1411, 1417, 1420, 1425, 1433, 1435, 1440, 1442, 1445, 1449, 1453, 1455, 1460, 1463, 1465, 1467, 1470, 1489, 1491]"
114-0-1279-1,114-0-0-0,D,Assignment,1,1,0,1,0,0,1,0,0,0,0,[]
114-1-0-0,114-0-0-0,F,CreateTrigger,56,338,1,78,14,27,51,0,1,13,14,[1281]
114-1-1281-1,114-1-0-0,D,Assignment,1,1,0,1,0,0,1,0,0,0,0,[]
114-1-1281-2,114-1-0-0,D,Assignment,2,1,0,2,1,1,1,0,0,1,1,[]
114-1-1281-3,114-1-0-0,B,if,0,5,0,0,0,0,0,0,0,0,0,[]
114-1-1281-4,114-1-0-0,B,if,0,5,0,0,0,0,0,0,0,0,0,[]
114-1-1281-5,114-1-0-0,B,if,0,2,0,0,0,0,0,0,0,0,0,[]
114-1-1281-6,114-1-0-0,B,if,3,17,1,2,0,0,2,0,0,0,0,[1282]
114-1-1282-1,114-1-1281-6,D,Assignment,1,2,0,1,0,0,1,0,0,0,0,[]
114-1-1282-2,114-1-1281-6,B,if,0,3,0,0,0,0,0,0,0,0,0,[]
114-1-1282-3,114-1-1281-6,B,if,2,8,1,1,0,0,1,0,0,0,0,[1283]
114-1-1283-1,114-1-1282-3,D,Assignment,1,2,0,1,0,0,1,0,0,0,0,[]
114-1-1283-2,114-1-1282-3,B,if,0,3,0,0,0,0,0,0,0,0,0,[]
114-1-1281-7,114-1-0-0,B,if,0,2,0,0,0,0,0,0,0,0,0,[]
114-1-1281-8,114-1-0-0,B,if,0,2,0,0,0,0,0,0,0,0,0,[]
114-1-1281-9,114-1-0-0,D,Assignment,2,1,0,2,0,1,1,0,0,0,0,[]
114-1-1281-10,114-1-0-0,B,if,0,4,0,0,0,0,0,0,0,0,0,[]
114-1-1281-11,114-1-0-0,D,Assignment,2,1,0,3,1,2,1,0,0,1,1,[]
114-1-1281-12,114-1-0-0,D,Assignment,2,1,0,1,1,0,1,0,0,1,1,[]
114-1-1281-13,114-1-0-0,B,if,1,19,1,1,0,0,1,0,0,0,0,[1284]
114-1-1284-1,114-1-1281-13,B,if-else/switch,1,12,1,1,0,0,1,0,0,0,0,[1285]
114-1-1285-1,114-1-1284-1,D,Assignment,1,3,0,1,0,0,1,0,0,0,0,[]
114-1-1281-14,114-1-0-0,B,if,1,12,1,1,1,1,0,0,1,0,1,[1286]
114-1-1286-1,114-1-1281-14,D,Assignment,1,1,0,1,1,1,0,0,1,0,1,[]
114-1-1281-15,114-1-0-0,D,Assignment,2,1,0,1,1,0,1,0,0,1,1,[]
114-1-1281-16,114-1-0-0,D,Assignment,2,1,0,1,1,0,1,0,0,1,1,[]
114-1-1281-17,114-1-0-0,B,if-else/switch,3,19,1,8,0,5,3,0,0,0,0,[1287]
114-1-1287-1,114-1-1281-17,D,Assignment,3,2,0,3,0,2,1,0,0,0,0,[]
114-1-1287-2,114-1-1281-17,D,Assignment,2,1,0,2,0,1,1,0,0,0,0,[]
114-1-1287-3,114-1-1281-17,D,Assignment,3,1,0,3,0,2,1,0,0,0,0,[]
114-1-1281-18,114-1-0-0,D,Assignment,1,4,0,1,0,0,1,0,0,0,0,[]
114-1-1281-19,114-1-0-0,D,Assignment,2,2,0,2,1,1,1,0,0,1,1,[]
114-1-1281-20,114-1-0-0,L,for/while,2,10,1,2,0,1,1,0,0,0,0,[1288]
114-1-1288-1,114-1-1281-20,D,Assignment,2,1,0,2,0,1,1,0,0,0,0,[]
114-1-1288-2,114-1-1281-20,B,if,0,5,0,0,0,0,0,0,0,0,0,[]
114-1-1281-21,114-1-0-0,D,Assignment,1,1,0,0,1,0,0,0,0,1,1,[]
114-1-1281-22,114-1-0-0,D,Assignment,2,1,0,2,0,1,1,0,0,0,0,[]
114-1-1281-23,114-1-0-0,D,Assignment,1,1,0,1,0,0,1,0,0,0,0,[]
114-1-1281-24,114-1-0-0,D,Assignment,1,2,0,1,0,0,1,0,0,0,0,[]
114-1-1281-25,114-1-0-0,D,Assignment,1,1,0,1,0,0,1,0,0,0,0,[]
114-1-1281-26,114-1-0-0,D,Assignment,1,1,0,1,0,0,1,0,0,0,0,[]
114-1-1281-27,114-1-0-0,D,Assignment,1,1,0,1,0,0,1,0,0,0,0,[]
114-1-1281-28,114-1-0-0,D,Assignment,1,1,0,1,0,0,1,0,0,0,0,[]
114-1-1281-29,114-1-0-0,D,Assignment,1,2,0,1,0,0,1,0,0,0,0,[]
114-1-1281-30,114-1-0-0,D,Assignment,1,1,0,1,0,0,1,0,0,0,0,[]
114-1-1281-31,114-1-0-0,D,Assignment,1,1,0,1,0,0,1,0,0,0,0,[]
114-1-1281-32,114-1-0-0,D,Assignment,1,1,0,1,0,0,1,0,0,0,0,[]
114-1-1281-33,114-1-0-0,D,Assignment,1,1,0,1,0,0,1,0,0,0,0,[]
114-1-1281-34,114-1-0-0,B,if-else/switch,9,43,2,2,0,0,2,0,0,0,0,"[1289, 1294]"
114-1-1289-1,114-1-1281-34,D,Assignment,2,1,0,2,0,1,1,0,0,0,0,[]
114-1-1289-2,114-1-1281-34,D,Assignment,1,1,0,1,0,0,1,0,0,0,0,[]
114-1-1289-3,114-1-1281-34,L,for/while,3,11,1,4,0,2,2,0,0,0,0,[1290]
114-1-1290-1,114-1-1289-3,D,Assignment,2,1,0,2,0,1,1,0,0,0,0,[]
114-1-1290-2,114-1-1289-3,D,Assignment,2,1,0,2,0,1,1,0,0,0,0,[]
114-1-1290-3,114-1-1289-3,L,for/while,1,5,1,0,0,0,0,0,0,0,0,[1291]
114-1-1291-1,114-1-1290-3,B,if,0,2,0,0,0,0,0,0,0,0,0,[]
114-1-1289-4,114-1-1281-34,D,Assignment,1,1,0,1,0,0,1,0,0,0,0,[]
114-1-1289-5,114-1-1281-34,L,for/while,4,13,1,6,0,2,4,0,0,0,0,[1292]
114-1-1292-1,114-1-1289-5,D,Assignment,2,1,0,2,0,1,1,0,0,0,0,[]
114-1-1292-2,114-1-1289-5,D,Assignment,1,1,0,1,0,0,1,0,0,0,0,[]
114-1-1292-3,114-1-1289-5,L,for/while,2,6,1,2,0,1,1,0,0,0,0,[1293]
114-1-1293-1,114-1-1292-3,B,if,0,2,0,0,0,0,0,0,0,0,0,[]
114-1-1293-2,114-1-1292-3,D,Assignment,2,1,0,2,0,1,1,0,0,0,0,[]
114-1-1292-4,114-1-1289-5,D,Assignment,1,1,0,1,0,0,1,0,0,0,0,[]
114-1-1289-6,114-1-1281-34,D,Assignment,1,1,0,1,0,0,1,0,0,0,0,[]
114-1-1289-7,114-1-1281-34,D,Assignment,1,2,0,1,0,0,1,0,0,0,0,[]
114-1-1294-1,114-1-1281-34,D,Assignment,1,1,0,1,0,0,1,0,0,0,0,[]
114-1-1294-2,114-1-1281-34,D,Assignment,1,2,0,1,0,0,1,0,0,0,0,[]
114-1-1281-35,114-1-0-0,D,Assignment,1,1,0,1,0,0,1,0,0,0,0,[]
114-1-1281-36,114-1-0-0,D,Assignment,1,1,0,1,0,0,1,0,0,0,0,[]
114-1-1281-37,114-1-0-0,D,Assignment,4,1,0,4,0,3,1,0,0,0,0,[]
114-1-1281-38,114-1-0-0,D,Assignment,2,1,0,2,0,1,1,0,0,0,0,[]
114-1-1281-39,114-1-0-0,D,Assignment,1,1,0,1,1,1,0,0,0,1,1,[]
114-1-1281-40,114-1-0-0,D,Assignment,1,1,0,1,1,1,0,0,0,1,1,[]
114-1-1281-41,114-1-0-0,D,Assignment,1,1,0,1,0,0,1,0,0,0,0,[]
114-1-1281-42,114-1-0-0,D,Assignment,2,1,0,1,1,0,1,0,0,1,1,[]
114-1-1281-43,114-1-0-0,D,Assignment,2,3,0,1,1,0,1,0,0,1,1,[]
114-1-1281-44,114-1-0-0,B,if,0,3,0,0,0,0,0,0,0,0,0,[]
114-1-1281-45,114-1-0-0,D,Assignment,1,1,0,1,0,0,1,0,0,0,0,[]
114-1-1281-46,114-1-0-0,D,Assignment,1,1,0,2,1,2,0,0,0,1,1,[]
114-1-1281-47,114-1-0-0,D,Assignment,1,1,0,1,1,1,0,0,0,1,1,[]
114-1-1281-48,114-1-0-0,D,Assignment,1,1,0,1,0,0,1,0,0,0,0,[]
114-1-1281-49,114-1-0-0,D,Assignment,1,1,0,1,0,0,1,0,0,0,0,[]
114-1-1281-50,114-1-0-0,D,Assignment,2,1,0,2,0,1,1,0,0,0,0,[]
114-1-1281-51,114-1-0-0,D,Assignment,1,1,0,1,0,0,1,0,0,0,0,[]
114-1-1281-52,114-1-0-0,D,Assignment,1,1,0,1,0,0,1,0,0,0,0,[]
114-1-1281-53,114-1-0-0,D,Assignment,2,1,0,2,0,1,1,0,0,0,0,[]
114-1-1281-54,114-1-0-0,D,Assignment,1,1,0,1,0,0,1,0,0,0,0,[]
114-1-1281-55,114-1-0-0,B,if-else/switch,7,31,2,8,0,2,6,0,0,0,0,"[1295, 1296]"
114-1-1295-1,114-1-1281-55,D,Assignment,1,1,0,1,0,0,1,0,0,0,0,[]
114-1-1295-2,114-1-1281-55,D,Assignment,2,1,0,2,0,1,1,0,0,0,0,[]
114-1-1295-3,114-1-1281-55,D,Assignment,1,1,0,1,0,0,1,0,0,0,0,[]
114-1-1296-1,114-1-1281-55,D,Assignment,1,1,0,1,0,0,1,0,0,0,0,[]
114-1-1296-2,114-1-1281-55,D,Assignment,2,1,0,2,0,1,1,0,0,0,0,[]
114-1-1296-3,114-1-1281-55,D,Assignment,1,1,0,1,0,0,1,0,0,0,0,[]
114-1-1296-4,114-1-1281-55,B,if,3,7,1,4,0,1,3,0,0,0,0,[1297]
114-1-1297-1,114-1-1296-4,D,Assignment,1,1,0,1,0,0,1,0,0,0,0,[]
114-1-1297-2,114-1-1296-4,D,Assignment,2,1,0,2,0,1,1,0,0,0,0,[]
114-1-1297-3,114-1-1296-4,D,Assignment,1,1,0,1,0,0,1,0,0,0,0,[]
114-1-1281-56,114-1-0-0,D,Assignment,1,1,0,1,0,1,0,0,0,0,0,[]
114-2-0-0,114-0-0-0,F,ConvertTriggerToFK,22,235,1,47,0,15,32,0,0,0,0,[1299]
114-2-1299-1,114-2-0-0,D,Assignment,1,1,0,1,0,0,1,0,0,0,0,[]
114-2-1299-2,114-2-0-0,D,Assignment,1,5,0,1,0,0,1,0,0,0,0,[]
114-2-1299-3,114-2-0-0,D,Assignment,1,1,0,1,0,0,1,0,0,0,0,[]
114-2-1299-4,114-2-0-0,D,Assignment,1,1,0,1,0,0,1,0,0,0,0,[]
114-2-1299-5,114-2-0-0,D,Assignment,1,1,0,1,0,0,1,0,0,0,0,[]
114-2-1299-6,114-2-0-0,D,Assignment,1,1,0,1,0,0,1,0,0,0,0,[]
114-2-1299-7,114-2-0-0,D,Assignment,2,1,0,2,0,1,1,0,0,0,0,[]
114-2-1299-8,114-2-0-0,D,Assignment,2,1,0,2,0,1,1,0,0,0,0,[]
114-2-1299-9,114-2-0-0,D,Assignment,2,1,0,2,0,1,1,0,0,0,0,[]
114-2-1299-10,114-2-0-0,D,Assignment,1,1,0,1,0,0,1,0,0,0,0,[]
114-2-1299-11,114-2-0-0,L,for/while,5,20,1,2,0,0,2,0,0,0,0,[1300]
114-2-1300-1,114-2-1299-11,D,Assignment,1,1,0,1,0,0,1,0,0,0,0,[]
114-2-1300-2,114-2-1299-11,D,Assignment,1,1,0,1,0,0,1,0,0,0,0,[]
114-2-1300-3,114-2-1299-11,B,if,0,2,0,0,0,0,0,0,0,0,0,[]
114-2-1300-4,114-2-1299-11,B,if,1,8,1,0,0,0,0,0,0,0,0,[1301]
114-2-1301-1,114-2-1300-4,B,if-else/switch,0,4,0,0,0,0,0,0,0,0,0,[]
114-2-1300-5,114-2-1299-11,B,if-else/switch,0,4,0,0,0,0,0,0,0,0,0,[]
114-2-1299-12,114-2-0-0,D,Assignment,1,1,0,1,0,0,1,0,0,0,0,[]
114-2-1299-13,114-2-0-0,D,Assignment,1,2,0,1,0,0,1,0,0,0,0,[]
114-2-1299-14,114-2-0-0,D,Assignment,1,1,0,1,0,0,1,0,0,0,0,[]
114-2-1299-15,114-2-0-0,L,for/while,3,8,1,2,0,0,2,0,0,0,0,[1302]
114-2-1302-1,114-2-1299-15,D,Assignment,1,1,0,1,0,0,1,0,0,0,0,[]
114-2-1302-2,114-2-1299-15,B,if,0,2,0,0,0,0,0,0,0,0,0,[]
114-2-1302-3,114-2-1299-15,D,Assignment,1,1,0,1,0,0,1,0,0,0,0,[]
114-2-1299-16,114-2-0-0,D,Assignment,1,2,0,1,0,0,1,0,0,0,0,[]
114-2-1299-17,114-2-0-0,D,Assignment,1,1,0,1,0,0,1,0,0,0,0,[]
114-2-1299-18,114-2-0-0,L,for/while,3,8,1,2,0,0,2,0,0,0,0,[1303]
114-2-1303-1,114-2-1299-18,D,Assignment,1,1,0,1,0,0,1,0,0,0,0,[]
114-2-1303-2,114-2-1299-18,B,if,0,2,0,0,0,0,0,0,0,0,0,[]
114-2-1303-3,114-2-1299-18,D,Assignment,1,1,0,1,0,0,1,0,0,0,0,[]
114-2-1299-19,114-2-0-0,D,Assignment,1,1,0,1,0,0,1,0,0,0,0,[]
114-2-1299-20,114-2-0-0,B,if-else/switch,3,22,3,1,0,0,1,0,0,0,0,"[1304, 1305, 1306]"
114-2-1304-1,114-2-1299-20,D,Assignment,1,1,0,1,0,0,1,0,0,0,0,[]
114-2-1305-1,114-2-1299-20,D,Assignment,1,1,0,1,0,0,1,0,0,0,0,[]
114-2-1306-1,114-2-1299-20,D,Assignment,1,1,0,1,0,0,1,0,0,0,0,[]
114-2-1299-21,114-2-0-0,L,for/while,2,10,1,5,0,3,2,0,0,0,0,[1307]
114-2-1307-1,114-2-1299-21,D,Assignment,2,1,0,2,0,1,1,0,0,0,0,[]
114-2-1307-2,114-2-1299-21,B,if,1,6,1,3,0,2,1,0,0,0,0,[1308]
114-2-1308-1,114-2-1307-2,D,Assignment,3,1,0,3,0,2,1,0,0,0,0,[]
114-2-1299-22,114-2-0-0,B,if-else/switch,7,127,1,16,0,9,7,0,0,0,0,[1309]
114-2-1309-1,114-2-1299-22,D,Assignment,4,4,0,4,0,3,1,0,0,0,0,[]
114-2-1309-2,114-2-1299-22,D,Assignment,2,1,0,2,0,1,1,0,0,0,0,[]
114-2-1309-3,114-2-1299-22,D,Assignment,1,1,0,1,0,0,1,0,0,0,0,[]
114-2-1309-4,114-2-1299-22,D,Assignment,2,1,0,2,0,1,1,0,0,0,0,[]
114-2-1309-5,114-2-1299-22,D,Assignment,3,1,0,3,0,2,1,0,0,0,0,[]
114-2-1309-6,114-2-1299-22,D,Assignment,3,1,0,3,0,2,1,0,0,0,0,[]
114-2-1309-7,114-2-1299-22,D,Assignment,1,1,0,1,0,0,1,0,0,0,0,[]
114-3-0-0,114-0-0-0,F,DropTrigger,12,58,1,11,6,3,8,0,0,6,6,[1311]
114-3-1311-1,114-3-0-0,D,Assignment,2,1,0,1,1,0,1,0,0,1,1,[]
114-3-1311-2,114-3-0-0,D,Assignment,1,4,0,1,0,0,1,0,0,0,0,[]
114-3-1311-3,114-3-0-0,D,Assignment,1,4,0,1,0,0,1,0,0,0,0,[]
114-3-1311-4,114-3-0-0,D,Assignment,2,2,0,2,1,1,1,0,0,1,1,[]
114-3-1311-5,114-3-0-0,D,Assignment,2,1,0,1,1,0,1,0,0,1,1,[]
114-3-1311-6,114-3-0-0,B,if,2,16,1,0,1,0,0,0,0,1,1,[1312]
114-3-1312-1,114-3-1311-6,B,if-else/switch,0,9,0,0,0,0,0,0,0,0,0,[]
114-3-1312-2,114-3-1311-6,D,Assignment,1,1,0,0,1,0,0,0,0,1,1,[]
114-3-1311-7,114-3-0-0,B,if,0,3,0,0,0,0,0,0,0,0,0,[]
114-3-1311-8,114-3-0-0,D,Assignment,1,1,0,1,0,0,1,0,0,0,0,[]
114-3-1311-9,114-3-0-0,D,Assignment,2,1,0,2,0,1,1,0,0,0,0,[]
114-3-1311-10,114-3-0-0,D,Assignment,1,1,0,1,0,0,1,0,0,0,0,[]
114-3-1311-11,114-3-0-0,D,Assignment,1,1,0,0,1,0,0,0,0,1,1,[]
114-3-1311-12,114-3-0-0,D,Assignment,1,1,0,1,1,1,0,0,0,1,1,[]
114-4-0-0,114-0-0-0,F,RemoveTriggerById,12,64,1,9,7,3,6,0,0,7,7,[1314]
114-4-1314-1,114-4-0-0,D,Assignment,2,1,0,1,1,0,1,0,0,1,1,[]
114-4-1314-2,114-4-0-0,D,Assignment,1,4,0,1,0,0,1,0,0,0,0,[]
114-4-1314-3,114-4-0-0,D,Assignment,2,2,0,2,1,1,1,0,0,1,1,[]
114-4-1314-4,114-4-0-0,D,Assignment,2,1,0,1,1,0,1,0,0,1,1,[]
114-4-1314-5,114-4-0-0,B,if,0,2,0,0,0,0,0,0,0,0,0,[]
114-4-1314-6,114-4-0-0,D,Assignment,1,1,0,1,0,0,1,0,0,0,0,[]
114-4-1314-7,114-4-0-0,D,Assignment,2,1,0,1,1,0,1,0,0,1,1,[]
114-4-1314-8,114-4-0-0,B,if,0,5,0,0,0,0,0,0,0,0,0,[]
114-4-1314-9,114-4-0-0,B,if,0,5,0,0,0,0,0,0,0,0,0,[]
114-4-1314-10,114-4-0-0,D,Assignment,1,1,0,2,1,2,0,0,0,1,1,[]
114-4-1314-11,114-4-0-0,D,Assignment,1,1,0,0,1,0,0,0,0,1,1,[]
114-4-1314-12,114-4-0-0,D,Assignment,1,1,0,0,1,0,0,0,0,1,1,[]
114-5-0-0,114-0-0-0,F,renametrig,12,93,1,12,6,3,9,0,0,6,6,[1316]
114-5-1316-1,114-5-0-0,D,Assignment,2,1,0,1,1,0,1,0,0,1,1,[]
114-5-1316-2,114-5-0-0,D,Assignment,2,1,0,1,1,0,1,0,0,1,1,[]
114-5-1316-3,114-5-0-0,D,Assignment,1,4,0,1,0,0,1,0,0,0,0,[]
114-5-1316-4,114-5-0-0,D,Assignment,1,4,0,1,0,0,1,0,0,0,0,[]
114-5-1316-5,114-5-0-0,D,Assignment,2,2,0,2,1,1,1,0,0,1,1,[]
114-5-1316-6,114-5-0-0,B,if,0,5,0,0,0,0,0,0,0,0,0,[]
114-5-1316-7,114-5-0-0,D,Assignment,1,1,0,0,1,0,0,0,0,1,1,[]
114-5-1316-8,114-5-0-0,D,Assignment,1,4,0,1,0,0,1,0,0,0,0,[]
114-5-1316-9,114-5-0-0,D,Assignment,1,4,0,1,0,0,1,0,0,0,0,[]
114-5-1316-10,114-5-0-0,D,Assignment,2,2,0,2,1,1,1,0,0,1,1,[]
114-5-1316-11,114-5-0-0,B,if-else/switch,5,28,2,2,0,1,1,0,0,0,0,"[1317, 1318]"
114-5-1317-1,114-5-1316-11,D,Assignment,2,1,0,2,0,1,1,0,0,0,0,[]
114-5-1317-2,114-5-1316-11,D,Assignment,1,1,0,2,1,2,0,0,0,1,1,[]
114-5-1317-3,114-5-1316-11,D,Assignment,1,1,0,1,1,1,0,0,0,1,1,[]
114-5-1317-4,114-5-1316-11,D,Assignment,1,1,0,0,1,0,0,0,0,1,1,[]
114-5-1318-1,114-5-1316-11,D,Assignment,2,4,0,2,0,1,1,0,0,0,0,[]
114-5-1316-12,114-5-0-0,D,Assignment,1,1,0,0,1,0,0,0,0,1,1,[]
114-6-0-0,114-0-0-0,F,EnableDisableTrigger,9,85,1,23,5,10,13,0,0,5,5,[1320]
114-6-1320-1,114-6-0-0,D,Assignment,2,1,0,1,1,0,1,0,0,1,1,[]
114-6-1320-2,114-6-0-0,D,Assignment,1,4,0,1,0,0,1,0,0,0,0,[]
114-6-1320-3,114-6-0-0,B,if-else/switch,2,10,1,2,0,0,2,0,0,0,0,[1321]
114-6-1321-1,114-6-1320-3,D,Assignment,1,4,0,1,0,0,1,0,0,0,0,[]
114-6-1321-2,114-6-1320-3,D,Assignment,1,1,0,1,0,0,1,0,0,0,0,[]
114-6-1320-4,114-6-0-0,D,Assignment,2,2,0,3,1,2,1,0,0,1,1,[]
114-6-1320-5,114-6-0-0,D,Assignment,2,1,0,2,0,1,1,0,0,0,0,[]
114-6-1320-6,114-6-0-0,L,for/while,4,36,1,14,2,7,7,0,0,2,2,[1322]
114-6-1322-1,114-6-1320-6,D,Assignment,2,1,0,2,0,1,1,0,0,0,0,[]
114-6-1322-2,114-6-1320-6,B,if,2,11,1,0,0,0,0,0,0,0,0,[1323]
114-6-1323-1,114-6-1322-2,B,if,0,2,0,0,0,0,0,0,0,0,0,[]
114-6-1323-2,114-6-1322-2,B,if,0,5,0,0,0,0,0,0,0,0,0,[]
114-6-1322-3,114-6-1320-6,D,Assignment,1,1,0,1,0,0,1,0,0,0,0,[]
114-6-1322-4,114-6-1320-6,B,if,7,17,1,11,2,6,5,0,0,2,2,[1324]
114-6-1324-1,114-6-1322-4,D,Assignment,2,1,0,2,0,1,1,0,0,0,0,[]
114-6-1324-2,114-6-1322-4,D,Assignment,2,1,0,2,0,1,1,0,0,0,0,[]
114-6-1324-3,114-6-1322-4,D,Assignment,2,1,0,2,0,1,1,0,0,0,0,[]
114-6-1324-4,114-6-1322-4,D,Assignment,1,1,0,2,1,2,0,0,0,1,1,[]
114-6-1324-5,114-6-1322-4,D,Assignment,1,1,0,1,1,1,0,0,0,1,1,[]
114-6-1324-6,114-6-1322-4,D,Assignment,1,1,0,1,0,0,1,0,0,0,0,[]
114-6-1324-7,114-6-1322-4,D,Assignment,1,1,0,1,0,0,1,0,0,0,0,[]
114-6-1320-7,114-6-0-0,D,Assignment,1,1,0,0,1,0,0,0,0,1,1,[]
114-6-1320-8,114-6-0-0,B,if,0,5,0,0,0,0,0,0,0,0,0,[]
114-6-1320-9,114-6-0-0,B,if,0,2,0,0,0,0,0,0,0,0,0,[]
114-7-0-0,114-0-0-0,F,RelationBuildTriggers,17,118,1,71,3,33,38,0,0,3,3,[1326]
114-7-1326-1,114-7-0-0,D,Assignment,1,1,0,1,0,0,1,0,0,0,0,[]
114-7-1326-2,114-7-0-0,D,Assignment,2,1,0,2,0,1,1,0,0,0,0,[]
114-7-1326-3,114-7-0-0,D,Assignment,1,1,0,1,0,0,1,0,0,0,0,[]
114-7-1326-4,114-7-0-0,D,Assignment,1,4,0,1,0,0,1,0,0,0,0,[]
114-7-1326-5,114-7-0-0,D,Assignment,2,1,0,1,1,0,1,0,0,1,1,[]
114-7-1326-6,114-7-0-0,D,Assignment,2,2,0,2,1,1,1,0,0,1,1,[]
114-7-1326-7,114-7-0-0,L,for/while,18,59,1,50,0,26,24,0,0,0,0,[1327]
114-7-1327-1,114-7-1326-7,D,Assignment,2,1,0,2,0,1,1,0,0,0,0,[]
114-7-1327-2,114-7-1326-7,B,if,2,5,1,4,0,2,2,0,0,0,0,[1328]
114-7-1328-1,114-7-1327-2,D,Assignment,1,1,0,1,0,0,1,0,0,0,0,[]
114-7-1328-2,114-7-1327-2,D,Assignment,3,1,0,3,0,2,1,0,0,0,0,[]
114-7-1327-3,114-7-1326-7,D,Assignment,3,1,0,3,0,2,1,0,0,0,0,[]
114-7-1327-4,114-7-1326-7,D,Assignment,2,1,0,2,0,1,1,0,0,0,0,[]
114-7-1327-5,114-7-1326-7,D,Assignment,1,2,0,1,0,0,1,0,0,0,0,[]
114-7-1327-6,114-7-1326-7,D,Assignment,2,1,0,2,0,1,1,0,0,0,0,[]
114-7-1327-7,114-7-1326-7,D,Assignment,2,1,0,2,0,1,1,0,0,0,0,[]
114-7-1327-8,114-7-1326-7,D,Assignment,2,1,0,2,0,1,1,0,0,0,0,[]
114-7-1327-9,114-7-1326-7,D,Assignment,2,1,0,2,0,1,1,0,0,0,0,[]
114-7-1327-10,114-7-1326-7,D,Assignment,2,1,0,2,0,1,1,0,0,0,0,[]
114-7-1327-11,114-7-1326-7,D,Assignment,2,1,0,2,0,1,1,0,0,0,0,[]
114-7-1327-12,114-7-1326-7,D,Assignment,2,1,0,2,0,1,1,0,0,0,0,[]
114-7-1327-13,114-7-1326-7,D,Assignment,2,1,0,2,0,1,1,0,0,0,0,[]
114-7-1327-14,114-7-1326-7,D,Assignment,2,1,0,2,0,1,1,0,0,0,0,[]
114-7-1327-15,114-7-1326-7,D,Assignment,2,1,0,2,0,1,1,0,0,0,0,[]
114-7-1327-16,114-7-1326-7,B,if-else/switch,2,8,1,5,0,3,2,0,0,0,0,[1329]
114-7-1329-1,114-7-1327-16,D,Assignment,2,1,0,2,0,1,1,0,0,0,0,[]
114-7-1329-2,114-7-1327-16,D,Assignment,3,2,0,3,0,2,1,0,0,0,0,[]
114-7-1327-17,114-7-1326-7,B,if-else/switch,5,22,1,12,0,7,5,0,0,0,0,[1330]
114-7-1330-1,114-7-1327-17,D,Assignment,4,3,0,4,0,3,1,0,0,0,0,[]
114-7-1330-2,114-7-1327-17,B,if,0,3,0,0,0,0,0,0,0,0,0,[]
114-7-1330-3,114-7-1327-17,D,Assignment,1,1,0,1,0,0,1,0,0,0,0,[]
114-7-1330-4,114-7-1327-17,D,Assignment,2,1,0,2,0,1,1,0,0,0,0,[]
114-7-1330-5,114-7-1327-17,L,for/while,2,5,1,5,0,3,2,0,0,0,0,[1331]
114-7-1331-1,114-7-1330-5,D,Assignment,3,1,0,3,0,2,1,0,0,0,0,[]
114-7-1331-2,114-7-1330-5,D,Assignment,2,1,0,2,0,1,1,0,0,0,0,[]
114-7-1327-18,114-7-1326-7,D,Assignment,1,1,0,1,0,0,1,0,0,0,0,[]
114-7-1326-8,114-7-0-0,D,Assignment,1,1,0,0,1,0,0,0,0,1,1,[]
114-7-1326-9,114-7-0-0,B,if,1,5,1,1,0,0,1,0,0,0,0,[1332]
114-7-1332-1,114-7-1326-9,D,Assignment,1,1,0,1,0,0,1,0,0,0,0,[]
114-7-1326-10,114-7-0-0,D,Assignment,1,1,0,1,0,0,1,0,0,0,0,[]
114-7-1326-11,114-7-0-0,D,Assignment,3,1,0,3,0,2,1,0,0,0,0,[]
114-7-1326-12,114-7-0-0,D,Assignment,2,1,0,2,0,1,1,0,0,0,0,[]
114-7-1326-13,114-7-0-0,L,for/while,0,2,0,0,0,0,0,0,0,0,0,[]
114-7-1326-14,114-7-0-0,D,Assignment,2,1,0,2,0,1,1,0,0,0,0,[]
114-7-1326-15,114-7-0-0,D,Assignment,2,1,0,2,0,1,1,0,0,0,0,[]
114-7-1326-16,114-7-0-0,D,Assignment,1,1,0,1,0,0,1,0,0,0,0,[]
114-7-1326-17,114-7-0-0,D,Assignment,1,1,0,1,0,0,1,0,0,0,0,[]
114-8-0-0,114-0-0-0,F,InsertTrigger,5,68,1,28,0,14,14,0,0,0,0,[1334]
114-8-1334-1,114-8-0-0,B,if-else/switch,2,28,2,4,0,2,2,0,0,0,0,"[1335, 1338]"
114-8-1335-1,114-8-1334-1,B,if-else/switch,4,10,2,4,0,2,2,0,0,0,0,"[1336, 1337]"
114-8-1336-1,114-8-1335-1,D,Assignment,2,1,0,2,0,1,1,0,0,0,0,[]
114-8-1336-2,114-8-1335-1,D,Assignment,2,1,0,2,0,1,1,0,0,0,0,[]
114-8-1337-1,114-8-1335-1,D,Assignment,2,1,0,2,0,1,1,0,0,0,0,[]
114-8-1337-2,114-8-1335-1,D,Assignment,2,1,0,2,0,1,1,0,0,0,0,[]
114-8-1338-1,114-8-1334-1,B,if-else/switch,4,10,2,4,0,2,2,0,0,0,0,"[1339, 1340]"
114-8-1339-1,114-8-1338-1,D,Assignment,2,1,0,2,0,1,1,0,0,0,0,[]
114-8-1339-2,114-8-1338-1,D,Assignment,2,1,0,2,0,1,1,0,0,0,0,[]
114-8-1340-1,114-8-1338-1,D,Assignment,2,1,0,2,0,1,1,0,0,0,0,[]
114-8-1340-2,114-8-1338-1,D,Assignment,2,1,0,2,0,1,1,0,0,0,0,[]
114-8-1334-2,114-8-0-0,B,if,4,8,1,6,0,3,3,0,0,0,0,[1341]
114-8-1341-1,114-8-1334-2,D,Assignment,2,1,0,2,0,1,1,0,0,0,0,[]
114-8-1341-2,114-8-1334-2,B,if,0,2,0,0,0,0,0,0,0,0,0,[]
114-8-1341-3,114-8-1334-2,D,Assignment,3,1,0,3,0,2,1,0,0,0,0,[]
114-8-1341-4,114-8-1334-2,D,Assignment,1,1,0,1,0,0,1,0,0,0,0,[]
114-8-1334-3,114-8-0-0,B,if,4,8,1,6,0,3,3,0,0,0,0,[1342]
114-8-1342-1,114-8-1334-3,D,Assignment,2,1,0,2,0,1,1,0,0,0,0,[]
114-8-1342-2,114-8-1334-3,B,if,0,2,0,0,0,0,0,0,0,0,0,[]
114-8-1342-3,114-8-1334-3,D,Assignment,3,1,0,3,0,2,1,0,0,0,0,[]
114-8-1342-4,114-8-1334-3,D,Assignment,1,1,0,1,0,0,1,0,0,0,0,[]
114-8-1334-4,114-8-0-0,B,if,4,8,1,6,0,3,3,0,0,0,0,[1343]
114-8-1343-1,114-8-1334-4,D,Assignment,2,1,0,2,0,1,1,0,0,0,0,[]
114-8-1343-2,114-8-1334-4,B,if,0,2,0,0,0,0,0,0,0,0,0,[]
114-8-1343-3,114-8-1334-4,D,Assignment,3,1,0,3,0,2,1,0,0,0,0,[]
114-8-1343-4,114-8-1334-4,D,Assignment,1,1,0,1,0,0,1,0,0,0,0,[]
114-8-1334-5,114-8-0-0,B,if,4,8,1,6,0,3,3,0,0,0,0,[1344]
114-8-1344-1,114-8-1334-5,D,Assignment,2,1,0,2,0,1,1,0,0,0,0,[]
114-8-1344-2,114-8-1334-5,B,if,0,2,0,0,0,0,0,0,0,0,0,[]
114-8-1344-3,114-8-1334-5,D,Assignment,3,1,0,3,0,2,1,0,0,0,0,[]
114-8-1344-4,114-8-1334-5,D,Assignment,1,1,0,1,0,0,1,0,0,0,0,[]
114-9-0-0,114-0-0-0,F,ExecCallTriggerFunc,12,61,1,14,2,8,6,0,0,2,2,[1346]
114-9-1346-1,114-9-0-0,D,Assignment,2,1,0,2,0,1,1,0,0,0,0,[]
114-9-1346-2,114-9-0-0,B,if,0,2,0,0,0,0,0,0,0,0,0,[]
114-9-1346-3,114-9-0-0,D,Assignment,2,1,0,2,0,1,1,0,0,0,0,[]
114-9-1346-4,114-9-0-0,B,if,0,2,0,0,0,0,0,0,0,0,0,[]
114-9-1346-5,114-9-0-0,D,Assignment,2,1,0,2,0,1,1,0,0,0,0,[]
114-9-1346-6,114-9-0-0,D,Assignment,3,1,0,3,0,2,1,0,0,0,0,[]
114-9-1346-7,114-9-0-0,D,Assignment,1,1,0,1,1,1,0,0,0,1,1,[]
114-9-1346-8,114-9-0-0,D,Assignment,2,1,0,2,0,1,1,0,0,0,0,[]
114-9-1346-9,114-9-0-0,D,Assignment,1,1,0,1,1,1,0,0,0,1,1,[]
114-9-1346-10,114-9-0-0,D,Assignment,1,1,0,1,0,0,1,0,0,0,0,[]
114-9-1346-11,114-9-0-0,B,if,0,5,0,0,0,0,0,0,0,0,0,[]
114-9-1346-12,114-9-0-0,B,if,0,2,0,0,0,0,0,0,0,0,0,[]
114-10-0-0,114-0-0-0,F,ExecBSInsertTriggers,13,54,1,26,1,13,13,0,1,0,1,[1348]
114-10-1348-1,114-10-0-0,D,Assignment,2,1,0,2,0,1,1,0,0,0,0,[]
114-10-1348-2,114-10-0-0,B,if,0,2,0,0,0,0,0,0,0,0,0,[]
114-10-1348-3,114-10-0-0,D,Assignment,2,1,0,2,0,1,1,0,0,0,0,[]
114-10-1348-4,114-10-0-0,D,Assignment,2,1,0,2,0,1,1,0,0,0,0,[]
114-10-1348-5,114-10-0-0,B,if,0,2,0,0,0,0,0,0,0,0,0,[]
114-10-1348-6,114-10-0-0,D,Assignment,1,1,0,1,0,0,1,0,0,0,0,[]
114-10-1348-7,114-10-0-0,D,Assignment,1,2,0,1,0,0,1,0,0,0,0,[]
114-10-1348-8,114-10-0-0,D,Assignment,2,1,0,2,0,1,1,0,0,0,0,[]
114-10-1348-9,114-10-0-0,D,Assignment,1,1,0,1,0,0,1,0,0,0,0,[]
114-10-1348-10,114-10-0-0,D,Assignment,1,1,0,1,0,0,1,0,0,0,0,[]
114-10-1348-11,114-10-0-0,D,Assignment,1,1,0,1,0,0,1,0,0,0,0,[]
114-10-1348-12,114-10-0-0,D,Assignment,1,1,0,1,0,0,1,0,0,0,0,[]
114-10-1348-13,114-10-0-0,L,for/while,5,29,1,12,1,9,3,0,1,0,1,[1349]
114-10-1349-1,114-10-1348-13,D,Assignment,4,1,0,4,0,3,1,0,0,0,0,[]
114-10-1349-2,114-10-1348-13,B,if-else/switch,2,12,2,0,0,0,0,0,0,0,0,"[1350, 1351]"
114-10-1350-1,114-10-1349-2,B,if,0,3,0,0,0,0,0,0,0,0,0,[]
114-10-1351-1,114-10-1349-2,B,if,0,3,0,0,0,0,0,0,0,0,0,[]
114-10-1349-3,114-10-1348-13,D,Assignment,2,1,0,2,0,1,1,0,0,0,0,[]
114-10-1349-4,114-10-1348-13,D,Assignment,2,5,0,6,1,5,1,0,1,0,1,[]
114-10-1349-5,114-10-1348-13,B,if,0,4,0,0,0,0,0,0,0,0,0,[]
114-11-0-0,114-0-0-0,F,ExecASInsertTriggers,2,5,1,2,0,1,1,0,0,0,0,[1353]
114-11-1353-1,114-11-0-0,D,Assignment,2,1,0,2,0,1,1,0,0,0,0,[]
114-11-1353-2,114-11-0-0,B,if,0,3,0,0,0,0,0,0,0,0,0,[]
114-12-0-0,114-0-0-0,F,ExecBRInsertTriggers,11,45,1,31,1,17,14,0,1,0,1,[1355]
114-12-1355-1,114-12-0-0,D,Assignment,2,1,0,2,0,1,1,0,0,0,0,[]
114-12-1355-2,114-12-0-0,D,Assignment,2,1,0,2,0,1,1,0,0,0,0,[]
114-12-1355-3,114-12-0-0,D,Assignment,2,1,0,2,0,1,1,0,0,0,0,[]
114-12-1355-4,114-12-0-0,D,Assignment,2,1,0,2,0,1,1,0,0,0,0,[]
114-12-1355-5,114-12-0-0,D,Assignment,1,1,0,1,0,0,1,0,0,0,0,[]
114-12-1355-6,114-12-0-0,D,Assignment,1,3,0,1,0,0,1,0,0,0,0,[]
114-12-1355-7,114-12-0-0,D,Assignment,2,1,0,2,0,1,1,0,0,0,0,[]
114-12-1355-8,114-12-0-0,D,Assignment,1,1,0,1,0,0,1,0,0,0,0,[]
114-12-1355-9,114-12-0-0,D,Assignment,1,1,0,1,0,0,1,0,0,0,0,[]
114-12-1355-10,114-12-0-0,L,for/while,8,29,1,16,1,11,5,0,1,0,1,[1356]
114-12-1356-1,114-12-1355-10,D,Assignment,4,1,0,4,0,3,1,0,0,0,0,[]
114-12-1356-2,114-12-1355-10,B,if-else/switch,2,12,2,0,0,0,0,0,0,0,0,"[1357, 1358]"
114-12-1357-1,114-12-1356-2,B,if,0,3,0,0,0,0,0,0,0,0,0,[]
114-12-1358-1,114-12-1356-2,B,if,0,3,0,0,0,0,0,0,0,0,0,[]
114-12-1356-3,114-12-1355-10,D,Assignment,3,1,0,3,0,2,1,0,0,0,0,[]
114-12-1356-4,114-12-1355-10,D,Assignment,1,1,0,1,0,0,1,0,0,0,0,[]
114-12-1356-5,114-12-1355-10,D,Assignment,2,1,0,2,0,1,1,0,0,0,0,[]
114-12-1356-6,114-12-1355-10,D,Assignment,2,5,0,6,1,5,1,0,1,0,1,[]
114-12-1356-7,114-12-1355-10,B,if,0,2,0,0,0,0,0,0,0,0,0,[]
114-12-1356-8,114-12-1355-10,B,if,0,2,0,0,0,0,0,0,0,0,0,[]
114-12-1355-11,114-12-0-0,D,Assignment,1,1,0,1,0,1,0,0,0,0,0,[]
114-13-0-0,114-0-0-0,F,ExecARInsertTriggers,2,5,1,2,0,1,1,0,0,0,0,[1360]
114-13-1360-1,114-13-0-0,D,Assignment,2,1,0,2,0,1,1,0,0,0,0,[]
114-13-1360-2,114-13-0-0,B,if,0,3,0,0,0,0,0,0,0,0,0,[]
114-14-0-0,114-0-0-0,F,ExecBSDeleteTriggers,13,54,1,26,1,13,13,0,1,0,1,[1362]
114-14-1362-1,114-14-0-0,D,Assignment,2,1,0,2,0,1,1,0,0,0,0,[]
114-14-1362-2,114-14-0-0,B,if,0,2,0,0,0,0,0,0,0,0,0,[]
114-14-1362-3,114-14-0-0,D,Assignment,2,1,0,2,0,1,1,0,0,0,0,[]
114-14-1362-4,114-14-0-0,D,Assignment,2,1,0,2,0,1,1,0,0,0,0,[]
114-14-1362-5,114-14-0-0,B,if,0,2,0,0,0,0,0,0,0,0,0,[]
114-14-1362-6,114-14-0-0,D,Assignment,1,1,0,1,0,0,1,0,0,0,0,[]
114-14-1362-7,114-14-0-0,D,Assignment,1,2,0,1,0,0,1,0,0,0,0,[]
114-14-1362-8,114-14-0-0,D,Assignment,2,1,0,2,0,1,1,0,0,0,0,[]
114-14-1362-9,114-14-0-0,D,Assignment,1,1,0,1,0,0,1,0,0,0,0,[]
114-14-1362-10,114-14-0-0,D,Assignment,1,1,0,1,0,0,1,0,0,0,0,[]
114-14-1362-11,114-14-0-0,D,Assignment,1,1,0,1,0,0,1,0,0,0,0,[]
114-14-1362-12,114-14-0-0,D,Assignment,1,1,0,1,0,0,1,0,0,0,0,[]
114-14-1362-13,114-14-0-0,L,for/while,5,29,1,12,1,9,3,0,1,0,1,[1363]
114-14-1363-1,114-14-1362-13,D,Assignment,4,1,0,4,0,3,1,0,0,0,0,[]
114-14-1363-2,114-14-1362-13,B,if-else/switch,2,12,2,0,0,0,0,0,0,0,0,"[1364, 1365]"
114-14-1364-1,114-14-1363-2,B,if,0,3,0,0,0,0,0,0,0,0,0,[]
114-14-1365-1,114-14-1363-2,B,if,0,3,0,0,0,0,0,0,0,0,0,[]
114-14-1363-3,114-14-1362-13,D,Assignment,2,1,0,2,0,1,1,0,0,0,0,[]
114-14-1363-4,114-14-1362-13,D,Assignment,2,5,0,6,1,5,1,0,1,0,1,[]
114-14-1363-5,114-14-1362-13,B,if,0,4,0,0,0,0,0,0,0,0,0,[]
114-15-0-0,114-0-0-0,F,ExecASDeleteTriggers,2,5,1,2,0,1,1,0,0,0,0,[1367]
114-15-1367-1,114-15-0-0,D,Assignment,2,1,0,2,0,1,1,0,0,0,0,[]
114-15-1367-2,114-15-0-0,B,if,0,3,0,0,0,0,0,0,0,0,0,[]
114-16-0-0,114-0-0-0,F,ExecBRDeleteTriggers,14,56,1,35,2,18,17,0,2,0,2,[1369]
114-16-1369-1,114-16-0-0,D,Assignment,2,1,0,2,0,1,1,0,0,0,0,[]
114-16-1369-2,114-16-0-0,D,Assignment,2,1,0,2,0,1,1,0,0,0,0,[]
114-16-1369-3,114-16-0-0,D,Assignment,2,1,0,2,0,1,1,0,0,0,0,[]
114-16-1369-4,114-16-0-0,D,Assignment,1,1,0,1,0,0,1,0,0,0,0,[]
114-16-1369-5,114-16-0-0,D,Assignment,2,1,0,4,1,3,1,0,1,0,1,[]
114-16-1369-6,114-16-0-0,B,if,0,2,0,0,0,0,0,0,0,0,0,[]
114-16-1369-7,114-16-0-0,D,Assignment,1,1,0,1,0,0,1,0,0,0,0,[]
114-16-1369-8,114-16-0-0,D,Assignment,1,3,0,1,0,0,1,0,0,0,0,[]
114-16-1369-9,114-16-0-0,D,Assignment,2,1,0,2,0,1,1,0,0,0,0,[]
114-16-1369-10,114-16-0-0,D,Assignment,1,1,0,1,0,0,1,0,0,0,0,[]
114-16-1369-11,114-16-0-0,D,Assignment,1,1,0,1,0,0,1,0,0,0,0,[]
114-16-1369-12,114-16-0-0,L,for/while,8,32,1,16,1,10,6,0,1,0,1,[1370]
114-16-1370-1,114-16-1369-12,D,Assignment,4,1,0,4,0,3,1,0,0,0,0,[]
114-16-1370-2,114-16-1369-12,B,if-else/switch,2,12,2,0,0,0,0,0,0,0,0,"[1371, 1372]"
114-16-1371-1,114-16-1370-2,B,if,0,3,0,0,0,0,0,0,0,0,0,[]
114-16-1372-1,114-16-1370-2,B,if,0,3,0,0,0,0,0,0,0,0,0,[]
114-16-1370-3,114-16-1369-12,D,Assignment,2,1,0,2,0,1,1,0,0,0,0,[]
114-16-1370-4,114-16-1369-12,D,Assignment,1,1,0,1,0,0,1,0,0,0,0,[]
114-16-1370-5,114-16-1369-12,D,Assignment,2,1,0,2,0,1,1,0,0,0,0,[]
114-16-1370-6,114-16-1369-12,D,Assignment,2,5,0,6,1,5,1,0,1,0,1,[]
114-16-1370-7,114-16-1369-12,B,if,1,5,1,1,0,0,1,0,0,0,0,[1373]
114-16-1373-1,114-16-1370-7,D,Assignment,1,1,0,1,0,0,1,0,0,0,0,[]
114-16-1370-8,114-16-1369-12,B,if,0,2,0,0,0,0,0,0,0,0,0,[]
114-16-1369-13,114-16-0-0,D,Assignment,1,1,0,1,0,0,1,0,0,0,0,[]
114-16-1369-14,114-16-0-0,D,Assignment,1,1,0,1,0,1,0,0,0,0,0,[]
114-17-0-0,114-0-0-0,F,ExecARDeleteTriggers,2,11,1,9,2,6,3,0,2,0,2,[1375]
114-17-1375-1,114-17-0-0,D,Assignment,2,1,0,2,0,1,1,0,0,0,0,[]
114-17-1375-2,114-17-0-0,B,if,3,9,1,7,2,5,2,0,2,0,2,[1376]
114-17-1376-1,114-17-1375-2,D,Assignment,2,2,0,4,1,3,1,0,1,0,1,[]
114-17-1376-2,114-17-1375-2,D,Assignment,1,2,0,2,1,2,0,0,1,0,1,[]
114-17-1376-3,114-17-1375-2,D,Assignment,1,1,0,1,0,0,1,0,0,0,0,[]
114-18-0-0,114-0-0-0,F,ExecBSUpdateTriggers,13,54,1,26,1,13,13,0,1,0,1,[1378]
114-18-1378-1,114-18-0-0,D,Assignment,2,1,0,2,0,1,1,0,0,0,0,[]
114-18-1378-2,114-18-0-0,B,if,0,2,0,0,0,0,0,0,0,0,0,[]
114-18-1378-3,114-18-0-0,D,Assignment,2,1,0,2,0,1,1,0,0,0,0,[]
114-18-1378-4,114-18-0-0,D,Assignment,2,1,0,2,0,1,1,0,0,0,0,[]
114-18-1378-5,114-18-0-0,B,if,0,2,0,0,0,0,0,0,0,0,0,[]
114-18-1378-6,114-18-0-0,D,Assignment,1,1,0,1,0,0,1,0,0,0,0,[]
114-18-1378-7,114-18-0-0,D,Assignment,1,2,0,1,0,0,1,0,0,0,0,[]
114-18-1378-8,114-18-0-0,D,Assignment,2,1,0,2,0,1,1,0,0,0,0,[]
114-18-1378-9,114-18-0-0,D,Assignment,1,1,0,1,0,0,1,0,0,0,0,[]
114-18-1378-10,114-18-0-0,D,Assignment,1,1,0,1,0,0,1,0,0,0,0,[]
114-18-1378-11,114-18-0-0,D,Assignment,1,1,0,1,0,0,1,0,0,0,0,[]
114-18-1378-12,114-18-0-0,D,Assignment,1,1,0,1,0,0,1,0,0,0,0,[]
114-18-1378-13,114-18-0-0,L,for/while,5,29,1,12,1,9,3,0,1,0,1,[1379]
114-18-1379-1,114-18-1378-13,D,Assignment,4,1,0,4,0,3,1,0,0,0,0,[]
114-18-1379-2,114-18-1378-13,B,if-else/switch,2,12,2,0,0,0,0,0,0,0,0,"[1380, 1381]"
114-18-1380-1,114-18-1379-2,B,if,0,3,0,0,0,0,0,0,0,0,0,[]
114-18-1381-1,114-18-1379-2,B,if,0,3,0,0,0,0,0,0,0,0,0,[]
114-18-1379-3,114-18-1378-13,D,Assignment,2,1,0,2,0,1,1,0,0,0,0,[]
114-18-1379-4,114-18-1378-13,D,Assignment,2,5,0,6,1,5,1,0,1,0,1,[]
114-18-1379-5,114-18-1378-13,B,if,0,4,0,0,0,0,0,0,0,0,0,[]
114-19-0-0,114-0-0-0,F,ExecASUpdateTriggers,2,5,1,2,0,1,1,0,0,0,0,[1383]
114-19-1383-1,114-19-0-0,D,Assignment,2,1,0,2,0,1,1,0,0,0,0,[]
114-19-1383-2,114-19-0-0,B,if,0,3,0,0,0,0,0,0,0,0,0,[]
114-20-0-0,114-0-0-0,F,ExecBRUpdateTriggers,13,59,1,37,2,21,16,0,2,0,2,[1385]
114-20-1385-1,114-20-0-0,D,Assignment,2,1,0,2,0,1,1,0,0,0,0,[]
114-20-1385-2,114-20-0-0,D,Assignment,2,1,0,2,0,1,1,0,0,0,0,[]
114-20-1385-3,114-20-0-0,D,Assignment,2,1,0,2,0,1,1,0,0,0,0,[]
114-20-1385-4,114-20-0-0,D,Assignment,2,1,0,2,0,1,1,0,0,0,0,[]
114-20-1385-5,114-20-0-0,D,Assignment,2,1,0,4,1,3,1,0,1,0,1,[]
114-20-1385-6,114-20-0-0,B,if,0,2,0,0,0,0,0,0,0,0,0,[]
114-20-1385-7,114-20-0-0,B,if,0,2,0,0,0,0,0,0,0,0,0,[]
114-20-1385-8,114-20-0-0,D,Assignment,1,1,0,1,0,0,1,0,0,0,0,[]
114-20-1385-9,114-20-0-0,D,Assignment,1,3,0,1,0,0,1,0,0,0,0,[]
114-20-1385-10,114-20-0-0,D,Assignment,2,1,0,2,0,1,1,0,0,0,0,[]
114-20-1385-11,114-20-0-0,L,for/while,10,31,1,19,1,12,7,0,1,0,1,[1386]
114-20-1386-1,114-20-1385-11,D,Assignment,4,1,0,4,0,3,1,0,0,0,0,[]
114-20-1386-2,114-20-1385-11,B,if-else/switch,2,12,2,0,0,0,0,0,0,0,0,"[1387, 1388]"
114-20-1387-1,114-20-1386-2,B,if,0,3,0,0,0,0,0,0,0,0,0,[]
114-20-1388-1,114-20-1386-2,B,if,0,3,0,0,0,0,0,0,0,0,0,[]
114-20-1386-3,114-20-1385-11,D,Assignment,2,1,0,2,0,1,1,0,0,0,0,[]
114-20-1386-4,114-20-1385-11,D,Assignment,3,1,0,3,0,2,1,0,0,0,0,[]
114-20-1386-5,114-20-1385-11,D,Assignment,1,1,0,1,0,0,1,0,0,0,0,[]
114-20-1386-6,114-20-1385-11,D,Assignment,1,1,0,1,0,0,1,0,0,0,0,[]
114-20-1386-7,114-20-1385-11,D,Assignment,2,1,0,2,0,1,1,0,0,0,0,[]
114-20-1386-8,114-20-1385-11,D,Assignment,2,5,0,6,1,5,1,0,1,0,1,[]
114-20-1386-9,114-20-1385-11,B,if,0,2,0,0,0,0,0,0,0,0,0,[]
114-20-1386-10,114-20-1385-11,B,if,0,2,0,0,0,0,0,0,0,0,0,[]
114-20-1385-12,114-20-0-0,D,Assignment,1,1,0,1,0,0,1,0,0,0,0,[]
114-20-1385-13,114-20-0-0,D,Assignment,1,1,0,1,0,1,0,0,0,0,0,[]
114-21-0-0,114-0-0-0,F,ExecARUpdateTriggers,2,11,1,9,2,6,3,0,2,0,2,[1390]
114-21-1390-1,114-21-0-0,D,Assignment,2,1,0,2,0,1,1,0,0,0,0,[]
114-21-1390-2,114-21-0-0,B,if,3,9,1,7,2,5,2,0,2,0,2,[1391]
114-21-1391-1,114-21-1390-2,D,Assignment,2,2,0,4,1,3,1,0,1,0,1,[]
114-21-1391-2,114-21-1390-2,D,Assignment,1,2,0,2,1,2,0,0,1,0,1,[]
114-21-1391-3,114-21-1390-2,D,Assignment,1,1,0,1,0,0,1,0,0,0,0,[]
114-22-0-0,114-0-0-0,F,ExecBSTruncateTriggers,13,54,1,26,1,13,13,0,1,0,1,[1393]
114-22-1393-1,114-22-0-0,D,Assignment,2,1,0,2,0,1,1,0,0,0,0,[]
114-22-1393-2,114-22-0-0,B,if,0,2,0,0,0,0,0,0,0,0,0,[]
114-22-1393-3,114-22-0-0,D,Assignment,2,1,0,2,0,1,1,0,0,0,0,[]
114-22-1393-4,114-22-0-0,D,Assignment,2,1,0,2,0,1,1,0,0,0,0,[]
114-22-1393-5,114-22-0-0,B,if,0,2,0,0,0,0,0,0,0,0,0,[]
114-22-1393-6,114-22-0-0,D,Assignment,1,1,0,1,0,0,1,0,0,0,0,[]
114-22-1393-7,114-22-0-0,D,Assignment,1,2,0,1,0,0,1,0,0,0,0,[]
114-22-1393-8,114-22-0-0,D,Assignment,2,1,0,2,0,1,1,0,0,0,0,[]
114-22-1393-9,114-22-0-0,D,Assignment,1,1,0,1,0,0,1,0,0,0,0,[]
114-22-1393-10,114-22-0-0,D,Assignment,1,1,0,1,0,0,1,0,0,0,0,[]
114-22-1393-11,114-22-0-0,D,Assignment,1,1,0,1,0,0,1,0,0,0,0,[]
114-22-1393-12,114-22-0-0,D,Assignment,1,1,0,1,0,0,1,0,0,0,0,[]
114-22-1393-13,114-22-0-0,L,for/while,5,29,1,12,1,9,3,0,1,0,1,[1394]
114-22-1394-1,114-22-1393-13,D,Assignment,4,1,0,4,0,3,1,0,0,0,0,[]
114-22-1394-2,114-22-1393-13,B,if-else/switch,2,12,2,0,0,0,0,0,0,0,0,"[1395, 1396]"
114-22-1395-1,114-22-1394-2,B,if,0,3,0,0,0,0,0,0,0,0,0,[]
114-22-1396-1,114-22-1394-2,B,if,0,3,0,0,0,0,0,0,0,0,0,[]
114-22-1394-3,114-22-1393-13,D,Assignment,2,1,0,2,0,1,1,0,0,0,0,[]
114-22-1394-4,114-22-1393-13,D,Assignment,2,5,0,6,1,5,1,0,1,0,1,[]
114-22-1394-5,114-22-1393-13,B,if,0,4,0,0,0,0,0,0,0,0,0,[]
114-23-0-0,114-0-0-0,F,ExecASTruncateTriggers,2,5,1,2,0,1,1,0,0,0,0,[1398]
114-23-1398-1,114-23-0-0,D,Assignment,2,1,0,2,0,1,1,0,0,0,0,[]
114-23-1398-2,114-23-0-0,B,if,0,3,0,0,0,0,0,0,0,0,0,[]
114-24-0-0,114-0-0-0,F,GetTupleForTrigger,5,89,1,19,2,9,10,0,0,2,2,[1400]
114-24-1400-1,114-24-0-0,D,Assignment,1,1,0,1,0,0,1,0,0,0,0,[]
114-24-1400-2,114-24-0-0,B,if-else/switch,12,79,2,15,1,7,8,0,0,1,1,"[1401, 1406]"
114-24-1401-1,114-24-1400-2,D,Assignment,1,1,0,1,0,0,1,0,0,0,0,[]
114-24-1401-2,114-24-1400-2,D,Assignment,2,1,0,2,0,1,1,0,0,0,0,[]
114-24-1401-3,114-24-1400-2,D,Assignment,2,4,0,6,1,5,1,0,0,1,1,[]
114-24-1401-4,114-24-1400-2,B,if-else/switch,5,44,4,1,1,0,1,0,0,1,1,"[1402, 1403, 1404, 1405]"
114-24-1402-1,114-24-1401-4,D,Assignment,1,1,0,0,1,0,0,0,0,1,1,[]
114-24-1404-1,114-24-1401-4,D,Assignment,1,1,0,0,1,0,0,0,0,1,1,[]
114-24-1404-2,114-24-1401-4,B,if-else/switch,0,20,0,0,0,0,0,0,0,0,0,[]
114-24-1405-1,114-24-1401-4,D,Assignment,1,1,0,0,1,0,0,0,0,1,1,[]
114-24-1405-2,114-24-1401-4,D,Assignment,1,1,0,1,0,0,1,0,0,0,0,[]
114-24-1406-1,114-24-1400-2,D,Assignment,2,1,0,2,1,1,1,0,0,1,1,[]
114-24-1406-2,114-24-1400-2,D,Assignment,1,1,0,1,0,0,1,0,0,0,0,[]
114-24-1406-3,114-24-1400-2,D,Assignment,3,1,0,3,0,2,1,0,0,0,0,[]
114-24-1406-4,114-24-1400-2,D,Assignment,1,1,0,1,0,0,1,0,0,0,0,[]
114-24-1406-5,114-24-1400-2,D,Assignment,3,1,0,3,0,2,1,0,0,0,0,[]
114-24-1406-6,114-24-1400-2,D,Assignment,2,1,0,2,0,1,1,0,0,0,0,[]
114-24-1406-7,114-24-1400-2,D,Assignment,2,1,0,2,0,1,1,0,0,0,0,[]
114-24-1406-8,114-24-1400-2,D,Assignment,1,1,0,1,0,0,1,0,0,0,0,[]
114-24-1400-3,114-24-0-0,D,Assignment,2,1,0,2,0,1,1,0,0,0,0,[]
114-24-1400-4,114-24-0-0,D,Assignment,1,1,0,0,1,0,0,0,0,1,1,[]
114-24-1400-5,114-24-0-0,D,Assignment,1,1,0,1,0,1,0,0,0,0,0,[]
114-25-0-0,114-0-0-0,F,afterTriggerCheckState,6,30,1,3,0,1,2,0,0,0,0,[1408]
114-25-1408-1,114-25-0-0,D,Assignment,1,1,0,1,0,0,1,0,0,0,0,[]
114-25-1408-2,114-25-0-0,D,Assignment,1,1,0,1,0,0,1,0,0,0,0,[]
114-25-1408-3,114-25-0-0,B,if,0,2,0,0,0,0,0,0,0,0,0,[]
114-25-1408-4,114-25-0-0,L,for/while,1,5,1,0,0,0,0,0,0,0,0,[1409]
114-25-1409-1,114-25-1408-4,B,if,0,2,0,0,0,0,0,0,0,0,0,[]
114-25-1408-5,114-25-0-0,B,if,0,2,0,0,0,0,0,0,0,0,0,[]
114-25-1408-6,114-25-0-0,D,Assignment,1,1,0,1,0,1,0,0,0,0,0,[]
114-26-0-0,114-0-0-0,F,afterTriggerAddEvent,12,104,1,38,0,18,20,0,0,0,0,[1411]
114-26-1411-1,114-26-0-0,D,Assignment,1,1,0,1,0,0,1,0,0,0,0,[]
114-26-1411-2,114-26-0-0,D,Assignment,2,1,0,2,0,1,1,0,0,0,0,[]
114-26-1411-3,114-26-0-0,D,Assignment,1,1,0,1,0,0,1,0,0,0,0,[]
114-26-1411-4,114-26-0-0,B,if,9,62,1,18,0,10,8,0,0,0,0,[1412]
114-26-1412-1,114-26-1411-4,B,if,0,7,0,0,0,0,0,0,0,0,0,[]
114-26-1412-2,114-26-1411-4,B,if-else/switch,3,14,1,5,0,3,2,0,0,0,0,[1413]
114-26-1413-1,114-26-1412-2,D,Assignment,3,1,0,3,0,2,1,0,0,0,0,[]
114-26-1413-2,114-26-1412-2,B,if-else/switch,0,5,0,0,0,0,0,0,0,0,0,[]
114-26-1413-3,114-26-1412-2,D,Assignment,2,1,0,2,0,1,1,0,0,0,0,[]
114-26-1412-3,114-26-1411-4,D,Assignment,3,1,0,3,0,2,1,0,0,0,0,[]
114-26-1412-4,114-26-1411-4,D,Assignment,1,1,0,1,0,0,1,0,0,0,0,[]
114-26-1412-5,114-26-1411-4,D,Assignment,1,1,0,1,0,0,1,0,0,0,0,[]
114-26-1412-6,114-26-1411-4,D,Assignment,4,1,0,4,0,3,1,0,0,0,0,[]
114-26-1412-7,114-26-1411-4,D,Assignment,3,1,0,3,0,2,1,0,0,0,0,[]
114-26-1412-8,114-26-1411-4,B,if-else/switch,0,4,0,0,0,0,0,0,0,0,0,[]
114-26-1412-9,114-26-1411-4,D,Assignment,1,1,0,1,0,0,1,0,0,0,0,[]
114-26-1411-5,114-26-0-0,L,for/while,1,10,1,0,0,0,0,0,0,0,0,[1414]
114-26-1414-1,114-26-1411-5,B,if,0,5,0,0,0,0,0,0,0,0,0,[]
114-26-1411-6,114-26-0-0,B,if,3,6,1,5,0,2,3,0,0,0,0,[1415]
114-26-1415-1,114-26-1411-6,D,Assignment,2,1,0,2,0,1,1,0,0,0,0,[]
114-26-1415-2,114-26-1411-6,D,Assignment,1,1,0,1,0,0,1,0,0,0,0,[]
114-26-1415-3,114-26-1411-6,D,Assignment,2,1,0,2,0,1,1,0,0,0,0,[]
114-26-1411-7,114-26-0-0,D,Assignment,2,1,0,2,0,1,1,0,0,0,0,[]
114-26-1411-8,114-26-0-0,D,Assignment,2,1,0,2,0,1,1,0,0,0,0,[]
114-26-1411-9,114-26-0-0,D,Assignment,1,1,0,1,0,0,1,0,0,0,0,[]
114-26-1411-10,114-26-0-0,D,Assignment,3,1,0,3,0,2,1,0,0,0,0,[]
114-26-1411-11,114-26-0-0,D,Assignment,2,1,0,2,0,1,1,0,0,0,0,[]
114-26-1411-12,114-26-0-0,D,Assignment,1,1,0,1,0,0,1,0,0,0,0,[]
114-27-0-0,114-0-0-0,F,afterTriggerFreeEventList,1,11,1,3,0,1,2,0,0,0,0,[1417]
114-27-1417-1,114-27-0-0,L,for/while,2,5,1,3,0,1,2,0,0,0,0,[1418]
114-27-1418-1,114-27-1417-1,D,Assignment,2,1,0,2,0,1,1,0,0,0,0,[]
114-27-1418-2,114-27-1417-1,D,Assignment,1,1,0,1,0,0,1,0,0,0,0,[]
114-28-0-0,114-0-0-0,F,afterTriggerRestoreEventList,1,26,1,4,0,1,3,0,0,0,0,[1420]
114-28-1420-1,114-28-0-0,B,if-else/switch,3,23,2,4,0,1,3,0,0,0,0,"[1421, 1422]"
114-28-1421-1,114-28-1420-1,D,Assignment,1,1,0,0,1,0,0,0,1,0,1,[]
114-28-1422-1,114-28-1420-1,D,Assignment,1,1,0,1,0,0,1,0,0,0,0,[]
114-28-1422-2,114-28-1420-1,L,for/while,2,5,1,3,0,1,2,0,0,0,0,[1423]
114-28-1423-1,114-28-1422-2,D,Assignment,2,1,0,2,0,1,1,0,0,0,0,[]
114-28-1423-2,114-28-1422-2,D,Assignment,1,1,0,1,0,0,1,0,0,0,0,[]
114-29-0-0,114-0-0-0,F,AfterTriggerExecute,18,101,1,21,1,7,14,0,1,0,1,[1425]
114-29-1425-1,114-29-0-0,D,Assignment,1,1,0,1,0,0,1,0,0,0,0,[]
114-29-1425-2,114-29-0-0,D,Assignment,1,1,0,1,0,0,1,0,0,0,0,[]
114-29-1425-3,114-29-0-0,D,Assignment,1,1,0,1,0,0,1,0,0,0,0,[]
114-29-1425-4,114-29-0-0,D,Assignment,1,1,0,1,0,0,1,0,0,0,0,[]
114-29-1425-5,114-29-0-0,D,Assignment,1,1,0,1,0,0,1,0,0,0,0,[]
114-29-1425-6,114-29-0-0,L,for/while,1,8,1,3,0,2,1,0,0,0,0,[1426]
114-29-1426-1,114-29-1425-6,B,if,1,5,1,3,0,2,1,0,0,0,0,[1427]
114-29-1427-1,114-29-1426-1,D,Assignment,3,1,0,3,0,2,1,0,0,0,0,[]
114-29-1425-7,114-29-0-0,B,if,0,2,0,0,0,0,0,0,0,0,0,[]
114-29-1425-8,114-29-0-0,B,if,0,2,0,0,0,0,0,0,0,0,0,[]
114-29-1425-9,114-29-0-0,B,if-else/switch,6,13,2,2,0,0,2,0,0,0,0,"[1428, 1429]"
114-29-1428-1,114-29-1425-9,D,Assignment,1,1,0,1,0,0,1,0,0,0,0,[]
114-29-1428-2,114-29-1425-9,B,if,0,2,0,0,0,0,0,0,0,0,0,[]
114-29-1428-3,114-29-1425-9,D,Assignment,2,1,0,2,0,1,1,0,0,0,0,[]
114-29-1428-4,114-29-1425-9,D,Assignment,2,1,0,2,0,1,1,0,0,0,0,[]
114-29-1429-1,114-29-1425-9,D,Assignment,1,1,0,1,0,0,1,0,0,0,0,[]
114-29-1429-2,114-29-1425-9,D,Assignment,1,1,0,1,0,0,1,0,0,0,0,[]
114-29-1425-10,114-29-0-0,B,if-else/switch,6,14,2,2,0,0,2,0,0,0,0,"[1430, 1431]"
114-29-1430-1,114-29-1425-10,D,Assignment,1,1,0,1,0,0,1,0,0,0,0,[]
114-29-1430-2,114-29-1425-10,B,if,0,2,0,0,0,0,0,0,0,0,0,[]
114-29-1430-3,114-29-1425-10,D,Assignment,2,1,0,2,0,1,1,0,0,0,0,[]
114-29-1430-4,114-29-1425-10,D,Assignment,2,1,0,2,0,1,1,0,0,0,0,[]
114-29-1431-1,114-29-1425-10,D,Assignment,1,1,0,1,0,0,1,0,0,0,0,[]
114-29-1431-2,114-29-1425-10,D,Assignment,1,1,0,1,0,0,1,0,0,0,0,[]
114-29-1425-11,114-29-0-0,D,Assignment,1,1,0,1,0,0,1,0,0,0,0,[]
114-29-1425-12,114-29-0-0,D,Assignment,2,2,0,2,0,1,1,0,0,0,0,[]
114-29-1425-13,114-29-0-0,D,Assignment,2,1,0,2,0,1,1,0,0,0,0,[]
114-29-1425-14,114-29-0-0,D,Assignment,2,5,0,4,1,3,1,0,1,0,1,[]
114-29-1425-15,114-29-0-0,B,if,0,2,0,0,0,0,0,0,0,0,0,[]
114-29-1425-16,114-29-0-0,B,if,0,2,0,0,0,0,0,0,0,0,0,[]
114-29-1425-17,114-29-0-0,B,if,0,2,0,0,0,0,0,0,0,0,0,[]
114-29-1425-18,114-29-0-0,B,if,0,2,0,0,0,0,0,0,0,0,0,[]
114-30-0-0,114-0-0-0,F,afterTriggerMarkEvents,2,44,1,2,0,1,1,0,0,0,0,[1433]
114-30-1433-1,114-30-0-0,D,Assignment,1,1,0,1,0,0,1,0,0,0,0,[]
114-30-1433-2,114-30-0-0,D,Assignment,1,1,0,1,0,1,0,0,0,0,0,[]
114-31-0-0,114-0-0-0,F,afterTriggerInvokeEvents,10,105,1,12,0,2,10,0,0,0,0,[1435]
114-31-1435-1,114-31-0-0,D,Assignment,1,1,0,1,0,0,1,0,0,0,0,[]
114-31-1435-2,114-31-0-0,D,Assignment,1,1,0,1,0,0,1,0,0,0,0,[]
114-31-1435-3,114-31-0-0,D,Assignment,1,1,0,1,0,0,1,0,0,0,0,[]
114-31-1435-4,114-31-0-0,D,Assignment,1,1,0,1,0,0,1,0,0,0,0,[]
114-31-1435-5,114-31-0-0,D,Assignment,1,1,0,1,0,0,1,0,0,0,0,[]
114-31-1435-6,114-31-0-0,D,Assignment,1,1,0,1,0,0,1,0,0,0,0,[]
114-31-1435-7,114-31-0-0,B,if,2,5,1,2,0,0,2,0,0,0,0,[1436]
114-31-1436-1,114-31-1435-7,D,Assignment,1,1,0,1,0,0,1,0,0,0,0,[]
114-31-1436-2,114-31-1435-7,D,Assignment,1,1,0,1,0,0,1,0,0,0,0,[]
114-31-1435-8,114-31-0-0,D,Assignment,1,6,0,1,0,0,1,0,0,0,0,[]
114-31-1435-9,114-31-0-0,B,if,1,14,1,2,0,1,1,0,0,0,0,[1437]
114-31-1437-1,114-31-1435-9,L,for/while,1,8,1,2,0,1,1,0,0,0,0,[1438]
114-31-1438-1,114-31-1437-1,D,Assignment,2,1,0,2,0,1,1,0,0,0,0,[]
114-31-1435-10,114-31-0-0,D,Assignment,1,1,0,1,0,1,0,0,0,0,0,[]
114-32-0-0,114-0-0-0,F,AfterTriggerBeginXact,16,31,1,18,1,2,16,0,1,0,1,[1440]
114-32-1440-1,114-32-0-0,D,Assignment,1,1,0,1,0,0,1,0,0,0,0,[]
114-32-1440-2,114-32-0-0,D,Assignment,2,3,0,2,0,1,1,0,0,0,0,[]
114-32-1440-3,114-32-0-0,D,Assignment,1,1,0,1,0,0,1,0,0,0,0,[]
114-32-1440-4,114-32-0-0,D,Assignment,2,1,0,1,1,0,1,0,1,0,1,[]
114-32-1440-5,114-32-0-0,D,Assignment,1,1,0,1,0,0,1,0,0,0,0,[]
114-32-1440-6,114-32-0-0,D,Assignment,1,1,0,1,0,0,1,0,0,0,0,[]
114-32-1440-7,114-32-0-0,D,Assignment,1,1,0,1,0,0,1,0,0,0,0,[]
114-32-1440-8,114-32-0-0,D,Assignment,1,1,0,1,0,0,1,0,0,0,0,[]
114-32-1440-9,114-32-0-0,D,Assignment,2,3,0,2,0,1,1,0,0,0,0,[]
114-32-1440-10,114-32-0-0,D,Assignment,1,1,0,1,0,0,1,0,0,0,0,[]
114-32-1440-11,114-32-0-0,D,Assignment,1,1,0,1,0,0,1,0,0,0,0,[]
114-32-1440-12,114-32-0-0,D,Assignment,1,1,0,1,0,0,1,0,0,0,0,[]
114-32-1440-13,114-32-0-0,D,Assignment,1,1,0,1,0,0,1,0,0,0,0,[]
114-32-1440-14,114-32-0-0,D,Assignment,1,1,0,1,0,0,1,0,0,0,0,[]
114-32-1440-15,114-32-0-0,D,Assignment,1,1,0,1,0,0,1,0,0,0,0,[]
114-32-1440-16,114-32-0-0,D,Assignment,1,1,0,1,0,0,1,0,0,0,0,[]
114-33-0-0,114-0-0-0,F,AfterTriggerBeginQuery,4,27,1,11,0,5,6,0,0,0,0,[1442]
114-33-1442-1,114-33-0-0,D,Assignment,1,1,0,1,0,0,1,0,0,0,0,[]
114-33-1442-2,114-33-0-0,D,Assignment,1,1,0,1,0,0,1,0,0,0,0,[]
114-33-1442-3,114-33-0-0,B,if,3,10,1,7,0,4,3,0,0,0,0,[1443]
114-33-1443-1,114-33-1442-3,D,Assignment,2,1,0,2,0,1,1,0,0,0,0,[]
114-33-1443-2,114-33-1442-3,D,Assignment,3,3,0,3,0,2,1,0,0,0,0,[]
114-33-1443-3,114-33-1442-3,D,Assignment,2,1,0,2,0,1,1,0,0,0,0,[]
114-33-1442-4,114-33-0-0,D,Assignment,2,1,0,2,0,1,1,0,0,0,0,[]
114-34-0-0,114-0-0-0,F,AfterTriggerEndQuery,5,45,1,9,1,4,5,0,1,0,1,[1445]
114-34-1445-1,114-34-0-0,D,Assignment,1,1,0,1,0,0,1,0,0,0,0,[]
114-34-1445-2,114-34-0-0,D,Assignment,1,1,0,1,0,0,1,0,0,0,0,[]
114-34-1445-3,114-34-0-0,L,for/while,2,14,1,4,0,2,2,0,0,0,0,[1446]
114-34-1446-1,114-34-1445-3,D,Assignment,2,1,0,2,0,1,1,0,0,0,0,[]
114-34-1446-2,114-34-1445-3,B,if-else/switch,2,10,1,2,0,1,1,0,0,0,0,[1447]
114-34-1447-1,114-34-1446-2,D,Assignment,2,1,0,2,0,1,1,0,0,0,0,[]
114-34-1447-2,114-34-1446-2,B,if,0,2,0,0,0,0,0,0,0,0,0,[]
114-34-1445-4,114-34-0-0,D,Assignment,1,1,0,2,1,2,0,0,1,0,1,[]
114-34-1445-5,114-34-0-0,D,Assignment,1,1,0,1,0,0,1,0,0,0,0,[]
114-35-0-0,114-0-0-0,F,AfterTriggerFireDeferred,7,40,1,7,2,1,6,0,0,2,2,[1449]
114-35-1449-1,114-35-0-0,D,Assignment,1,1,0,1,0,0,1,0,0,0,0,[]
114-35-1449-2,114-35-0-0,D,Assignment,1,1,0,1,0,0,1,0,0,0,0,[]
114-35-1449-3,114-35-0-0,D,Assignment,1,1,0,1,0,0,1,0,0,0,0,[]
114-35-1449-4,114-35-0-0,D,Assignment,1,1,0,1,0,0,1,0,0,0,0,[]
114-35-1449-5,114-35-0-0,B,if,2,5,1,1,2,0,1,0,0,2,2,[1450]
114-35-1450-1,114-35-1449-5,D,Assignment,1,1,0,0,2,0,0,0,0,2,2,[]
114-35-1450-2,114-35-1449-5,D,Assignment,1,1,0,1,0,0,1,0,0,0,0,[]
114-35-1449-6,114-35-0-0,L,for/while,2,7,1,2,0,1,1,0,0,0,0,[1451]
114-35-1451-1,114-35-1449-6,D,Assignment,2,1,0,2,0,1,1,0,0,0,0,[]
114-35-1451-2,114-35-1449-6,B,if,0,2,0,0,0,0,0,0,0,0,0,[]
114-35-1449-7,114-35-0-0,B,if,0,2,0,0,0,0,0,0,0,0,0,[]
114-36-0-0,114-0-0-0,F,AfterTriggerEndXact,2,4,1,1,0,0,1,0,0,0,0,[1453]
114-36-1453-1,114-36-0-0,B,if,0,2,0,0,0,0,0,0,0,0,0,[]
114-36-1453-2,114-36-0-0,D,Assignment,1,1,0,1,0,0,1,0,0,0,0,[]
114-37-0-0,114-0-0-0,F,AfterTriggerBeginSubXact,7,65,1,28,1,17,11,0,0,1,1,[1455]
114-37-1455-1,114-37-0-0,D,Assignment,2,1,0,1,1,0,1,0,0,1,1,[]
114-37-1455-2,114-37-0-0,B,if,0,2,0,0,0,0,0,0,0,0,0,[]
114-37-1455-3,114-37-0-0,L,for/while,1,41,1,16,0,10,6,0,0,0,0,[1456]
114-37-1456-1,114-37-1455-3,B,if-else/switch,13,38,2,16,0,10,6,0,0,0,0,"[1457, 1458]"
114-37-1457-1,114-37-1456-1,D,Assignment,2,1,0,2,0,1,1,0,0,0,0,[]
114-37-1457-2,114-37-1456-1,D,Assignment,1,2,0,1,0,0,1,0,0,0,0,[]
114-37-1457-3,114-37-1456-1,D,Assignment,1,2,0,1,0,0,1,0,0,0,0,[]
114-37-1457-4,114-37-1456-1,D,Assignment,1,2,0,1,0,0,1,0,0,0,0,[]
114-37-1457-5,114-37-1456-1,D,Assignment,1,2,0,1,0,0,1,0,0,0,0,[]
114-37-1457-6,114-37-1456-1,D,Assignment,1,1,0,1,0,0,1,0,0,0,0,[]
114-37-1457-7,114-37-1456-1,D,Assignment,1,1,0,1,0,0,1,0,0,0,0,[]
114-37-1458-1,114-37-1456-1,D,Assignment,2,1,0,2,0,1,1,0,0,0,0,[]
114-37-1458-2,114-37-1456-1,D,Assignment,3,3,0,3,0,2,1,0,0,0,0,[]
114-37-1458-3,114-37-1456-1,D,Assignment,3,3,0,3,0,2,1,0,0,0,0,[]
114-37-1458-4,114-37-1456-1,D,Assignment,3,3,0,3,0,2,1,0,0,0,0,[]
114-37-1458-5,114-37-1456-1,D,Assignment,3,3,0,3,0,2,1,0,0,0,0,[]
114-37-1458-6,114-37-1456-1,D,Assignment,2,1,0,2,0,1,1,0,0,0,0,[]
114-37-1455-4,114-37-0-0,D,Assignment,2,1,0,2,0,1,1,0,0,0,0,[]
114-37-1455-5,114-37-0-0,D,Assignment,3,1,0,3,0,2,1,0,0,0,0,[]
114-37-1455-6,114-37-0-0,D,Assignment,3,1,0,3,0,2,1,0,0,0,0,[]
114-37-1455-7,114-37-0-0,D,Assignment,3,1,0,3,0,2,1,0,0,0,0,[]
114-38-0-0,114-0-0-0,F,AfterTriggerEndSubXact,3,92,1,10,1,5,5,0,0,1,1,[1460]
114-38-1460-1,114-38-0-0,D,Assignment,2,1,0,1,1,0,1,0,0,1,1,[]
114-38-1460-2,114-38-0-0,B,if,0,2,0,0,0,0,0,0,0,0,0,[]
114-38-1460-3,114-38-0-0,B,if-else/switch,5,76,1,9,0,5,4,0,0,0,0,[1461]
114-38-1461-1,114-38-1460-3,D,Assignment,2,1,0,2,0,1,1,0,0,0,0,[]
114-38-1461-2,114-38-1460-3,D,Assignment,2,1,0,2,0,1,1,0,0,0,0,[]
114-38-1461-3,114-38-1460-3,B,if,0,2,0,0,0,0,0,0,0,0,0,[]
114-38-1461-4,114-38-1460-3,D,Assignment,2,1,0,2,0,1,1,0,0,0,0,[]
114-38-1461-5,114-38-1460-3,D,Assignment,3,2,0,3,0,2,1,0,0,0,0,[]
114-39-0-0,114-0-0-0,F,SetConstraintStateCreate,2,17,1,1,0,0,1,0,0,0,0,[1463]
114-39-1463-1,114-39-0-0,B,if,0,2,0,0,0,0,0,0,0,0,0,[]
114-39-1463-2,114-39-0-0,D,Assignment,1,4,0,1,0,0,1,0,0,0,0,[]
114-40-0-0,114-0-0-0,F,SetConstraintStateCopy,5,11,1,6,1,2,4,0,1,0,1,[1465]
114-40-1465-1,114-40-0-0,D,Assignment,1,1,0,1,1,1,0,0,1,0,1,[]
114-40-1465-2,114-40-0-0,D,Assignment,1,1,0,1,0,0,1,0,0,0,0,[]
114-40-1465-3,114-40-0-0,D,Assignment,1,1,0,1,0,0,1,0,0,0,0,[]
114-40-1465-4,114-40-0-0,D,Assignment,1,1,0,1,0,0,1,0,0,0,0,[]
114-40-1465-5,114-40-0-0,D,Assignment,2,2,0,2,0,1,1,0,0,0,0,[]
114-41-0-0,114-0-0-0,F,SetConstraintStateAddItem,2,18,1,6,0,1,5,0,0,0,0,[1467]
114-41-1467-1,114-41-0-0,B,if,4,12,1,5,0,1,4,0,0,0,0,[1468]
114-41-1468-1,114-41-1467-1,D,Assignment,1,1,0,1,0,0,1,0,0,0,0,[]
114-41-1468-2,114-41-1467-1,D,Assignment,2,1,0,2,0,1,1,0,0,0,0,[]
114-41-1468-3,114-41-1467-1,D,Assignment,1,4,0,1,0,0,1,0,0,0,0,[]
114-41-1468-4,114-41-1467-1,D,Assignment,1,1,0,1,0,0,1,0,0,0,0,[]
114-41-1467-2,114-41-0-0,D,Assignment,1,1,0,1,0,0,1,0,0,0,0,[]
114-42-0-0,114-0-0-0,F,AfterTriggerSetState,5,263,1,35,8,11,24,0,2,6,8,[1470]
114-42-1470-1,114-42-0-0,D,Assignment,2,1,0,1,1,0,1,0,0,1,1,[]
114-42-1470-2,114-42-0-0,B,if,0,2,0,0,0,0,0,0,0,0,0,[]
114-42-1470-3,114-42-0-0,B,if,1,6,1,3,1,2,1,0,1,0,1,[1471]
114-42-1471-1,114-42-1470-3,D,Assignment,3,2,0,3,1,2,1,0,1,0,1,[]
114-42-1470-4,114-42-0-0,B,if-else/switch,7,192,2,26,4,8,18,0,1,3,4,"[1472, 1473]"
114-42-1472-1,114-42-1470-4,D,Assignment,1,1,0,1,0,0,1,0,0,0,0,[]
114-42-1472-2,114-42-1470-4,D,Assignment,1,1,0,1,0,0,1,0,0,0,0,[]
114-42-1472-3,114-42-1470-4,D,Assignment,2,1,0,2,0,1,1,0,0,0,0,[]
114-42-1473-1,114-42-1470-4,D,Assignment,1,1,0,1,0,0,1,0,0,0,0,[]
114-42-1473-2,114-42-1470-4,D,Assignment,2,1,0,1,1,0,1,0,0,1,1,[]
114-42-1473-3,114-42-1470-4,L,for/while,7,138,1,16,2,6,10,0,0,2,2,[1474]
114-42-1474-1,114-42-1473-3,D,Assignment,2,1,0,2,0,1,1,0,0,0,0,[]
114-42-1474-2,114-42-1473-3,B,if,1,9,1,0,0,0,0,0,0,0,0,[1475]
114-42-1475-1,114-42-1474-2,B,if,0,6,0,0,0,0,0,0,0,0,0,[]
114-42-1474-3,114-42-1473-3,B,if-else/switch,3,10,2,1,0,0,1,0,0,0,0,"[1476, 1477]"
114-42-1476-1,114-42-1474-3,D,Assignment,2,1,0,2,0,1,1,0,0,0,0,[]
114-42-1476-2,114-42-1474-3,D,Assignment,2,1,0,2,0,1,1,0,0,0,0,[]
114-42-1477-1,114-42-1474-3,D,Assignment,1,1,0,1,0,0,1,0,0,0,0,[]
114-42-1474-4,114-42-1473-3,D,Assignment,1,1,0,1,0,0,1,0,0,0,0,[]
114-42-1474-5,114-42-1473-3,L,for/while,6,89,1,11,2,5,6,0,0,2,2,[1478]
114-42-1478-1,114-42-1474-5,D,Assignment,2,1,0,2,0,1,1,0,0,0,0,[]
114-42-1478-2,114-42-1474-5,D,Assignment,1,4,0,1,0,0,1,0,0,0,0,[]
114-42-1478-3,114-42-1474-5,D,Assignment,2,2,0,2,1,1,1,0,0,1,1,[]
114-42-1478-4,114-42-1474-5,L,for/while,5,60,1,6,0,3,3,0,0,0,0,[1479]
114-42-1479-1,114-42-1478-4,D,Assignment,2,1,0,2,0,1,1,0,0,0,0,[]
114-42-1479-2,114-42-1478-4,B,if-else/switch,0,13,0,0,0,0,0,0,0,0,0,[]
114-42-1479-3,114-42-1478-4,B,if,0,2,0,0,0,0,0,0,0,0,0,[]
114-42-1479-4,114-42-1478-4,B,if,2,16,1,3,0,2,1,0,0,0,0,[1480]
114-42-1480-1,114-42-1479-4,B,if,0,5,0,0,0,0,0,0,0,0,0,[]
114-42-1480-2,114-42-1479-4,D,Assignment,3,1,0,3,0,2,1,0,0,0,0,[]
114-42-1479-5,114-42-1478-4,D,Assignment,1,1,0,1,0,0,1,0,0,0,0,[]
114-42-1478-5,114-42-1474-5,D,Assignment,1,1,0,0,1,0,0,0,0,1,1,[]
114-42-1478-6,114-42-1474-5,B,if,0,2,0,0,0,0,0,0,0,0,0,[]
114-42-1474-6,114-42-1473-3,D,Assignment,1,1,0,1,0,0,1,0,0,0,0,[]
114-42-1474-7,114-42-1473-3,B,if,0,5,0,0,0,0,0,0,0,0,0,[]
114-42-1473-4,114-42-1470-4,L,for/while,5,22,1,8,1,2,6,0,1,0,1,[1481]
114-42-1481-1,114-42-1473-4,D,Assignment,1,1,0,1,0,0,1,0,0,0,0,[]
114-42-1481-2,114-42-1473-4,D,Assignment,1,1,0,1,0,0,1,0,0,0,0,[]
114-42-1481-3,114-42-1473-4,D,Assignment,1,1,0,1,0,0,1,0,0,0,0,[]
114-42-1481-4,114-42-1473-4,L,for/while,1,9,1,3,0,1,2,0,0,0,0,[1482]
114-42-1482-1,114-42-1481-4,B,if,2,6,1,3,0,1,2,0,0,0,0,[1483]
114-42-1483-1,114-42-1482-1,D,Assignment,2,1,0,2,0,1,1,0,0,0,0,[]
114-42-1483-2,114-42-1482-1,D,Assignment,1,1,0,1,0,0,1,0,0,0,0,[]
114-42-1481-5,114-42-1473-4,B,if,1,5,1,2,1,1,1,0,1,0,1,[1484]
114-42-1484-1,114-42-1481-5,D,Assignment,2,2,0,2,1,1,1,0,1,0,1,[]
114-42-1470-5,114-42-0-0,B,if,4,37,1,5,2,1,4,0,0,2,2,[1485]
114-42-1485-1,114-42-1470-5,D,Assignment,1,1,0,1,0,0,1,0,0,0,0,[]
114-42-1485-2,114-42-1470-5,D,Assignment,1,1,0,1,0,0,1,0,0,0,0,[]
114-42-1485-3,114-42-1470-5,L,for/while,3,28,1,3,2,1,2,0,0,2,2,[1486]
114-42-1486-1,114-42-1485-3,D,Assignment,2,1,0,2,0,1,1,0,0,0,0,[]
114-42-1486-2,114-42-1485-3,B,if,2,5,1,1,2,0,1,0,0,2,2,[1487]
114-42-1487-1,114-42-1486-2,D,Assignment,1,1,0,0,2,0,0,0,0,2,2,[]
114-42-1487-2,114-42-1486-2,D,Assignment,1,1,0,1,0,0,1,0,0,0,0,[]
114-42-1486-3,114-42-1485-3,B,if,0,3,0,0,0,0,0,0,0,0,0,[]
114-42-1485-4,114-42-1470-5,B,if,0,2,0,0,0,0,0,0,0,0,0,[]
114-43-0-0,114-0-0-0,F,AfterTriggerPendingOnRel,2,45,1,0,0,0,0,0,0,0,0,[1489]
114-43-1489-1,114-43-0-0,B,if,0,2,0,0,0,0,0,0,0,0,0,[]
114-43-1489-2,114-43-0-0,L,for/while,0,13,0,0,0,0,0,0,0,0,0,[]
114-44-0-0,114-0-0-0,F,AfterTriggerSaveEvent,8,179,1,25,1,15,10,0,1,0,1,[1491]
114-44-1491-1,114-44-0-0,D,Assignment,2,1,0,2,0,1,1,0,0,0,0,[]
114-44-1491-2,114-44-0-0,D,Assignment,2,1,0,2,0,1,1,0,0,0,0,[]
114-44-1491-3,114-44-0-0,B,if,0,2,0,0,0,0,0,0,0,0,0,[]
114-44-1491-4,114-44-0-0,B,if,0,2,0,0,0,0,0,0,0,0,0,[]
114-44-1491-5,114-44-0-0,D,Assignment,1,1,0,1,0,0,1,0,0,0,0,[]
114-44-1491-6,114-44-0-0,B,if-else/switch,7,61,5,0,0,0,0,0,0,0,0,"[1492, 1495, 1498, 1501, 1502]"
114-44-1492-1,114-44-1491-6,B,if-else/switch,8,14,2,4,0,0,4,0,0,0,0,"[1493, 1494]"
114-44-1493-1,114-44-1492-1,D,Assignment,1,1,0,1,0,0,1,0,0,0,0,[]
114-44-1493-2,114-44-1492-1,D,Assignment,1,1,0,1,0,0,1,0,0,0,0,[]
114-44-1493-3,114-44-1492-1,D,Assignment,2,1,0,2,0,1,1,0,0,0,0,[]
114-44-1493-4,114-44-1492-1,D,Assignment,1,1,0,1,0,0,1,0,0,0,0,[]
114-44-1494-1,114-44-1492-1,D,Assignment,1,1,0,1,0,0,1,0,0,0,0,[]
114-44-1494-2,114-44-1492-1,D,Assignment,1,1,0,1,0,0,1,0,0,0,0,[]
114-44-1494-3,114-44-1492-1,D,Assignment,1,1,0,1,0,0,1,0,0,0,0,[]
114-44-1494-4,114-44-1492-1,D,Assignment,1,1,0,1,0,0,1,0,0,0,0,[]
114-44-1495-1,114-44-1491-6,B,if-else/switch,8,14,2,4,0,0,4,0,0,0,0,"[1496, 1497]"
114-44-1496-1,114-44-1495-1,D,Assignment,1,1,0,1,0,0,1,0,0,0,0,[]
114-44-1496-2,114-44-1495-1,D,Assignment,1,1,0,1,0,0,1,0,0,0,0,[]
114-44-1496-3,114-44-1495-1,D,Assignment,2,1,0,2,0,1,1,0,0,0,0,[]
114-44-1496-4,114-44-1495-1,D,Assignment,1,1,0,1,0,0,1,0,0,0,0,[]
114-44-1497-1,114-44-1495-1,D,Assignment,1,1,0,1,0,0,1,0,0,0,0,[]
114-44-1497-2,114-44-1495-1,D,Assignment,1,1,0,1,0,0,1,0,0,0,0,[]
114-44-1497-3,114-44-1495-1,D,Assignment,1,1,0,1,0,0,1,0,0,0,0,[]
114-44-1497-4,114-44-1495-1,D,Assignment,1,1,0,1,0,0,1,0,0,0,0,[]
114-44-1498-1,114-44-1491-6,B,if-else/switch,9,15,2,4,0,0,4,0,0,0,0,"[1499, 1500]"
114-44-1499-1,114-44-1498-1,D,Assignment,1,1,0,1,0,0,1,0,0,0,0,[]
114-44-1499-2,114-44-1498-1,D,Assignment,1,1,0,1,0,0,1,0,0,0,0,[]
114-44-1499-3,114-44-1498-1,D,Assignment,2,1,0,2,0,1,1,0,0,0,0,[]
114-44-1499-4,114-44-1498-1,D,Assignment,2,1,0,2,0,1,1,0,0,0,0,[]
114-44-1499-5,114-44-1498-1,D,Assignment,1,1,0,1,0,0,1,0,0,0,0,[]
114-44-1500-1,114-44-1498-1,D,Assignment,1,1,0,1,0,0,1,0,0,0,0,[]
114-44-1500-2,114-44-1498-1,D,Assignment,1,1,0,1,0,0,1,0,0,0,0,[]
114-44-1500-3,114-44-1498-1,D,Assignment,1,1,0,1,0,0,1,0,0,0,0,[]
114-44-1500-4,114-44-1498-1,D,Assignment,1,1,0,1,0,0,1,0,0,0,0,[]
114-44-1501-1,114-44-1491-6,D,Assignment,1,1,0,1,0,0,1,0,0,0,0,[]
114-44-1501-2,114-44-1491-6,D,Assignment,1,1,0,1,0,0,1,0,0,0,0,[]
114-44-1501-3,114-44-1491-6,D,Assignment,1,1,0,1,0,0,1,0,0,0,0,[]
114-44-1501-4,114-44-1491-6,D,Assignment,1,1,0,1,0,0,1,0,0,0,0,[]
114-44-1491-7,114-44-0-0,B,if-else/switch,4,10,2,4,0,2,2,0,0,0,0,"[1503, 1504]"
114-44-1503-1,114-44-1491-7,D,Assignment,2,1,0,2,0,1,1,0,0,0,0,[]
114-44-1503-2,114-44-1491-7,D,Assignment,2,1,0,2,0,1,1,0,0,0,0,[]
114-44-1504-1,114-44-1491-7,D,Assignment,2,1,0,2,0,1,1,0,0,0,0,[]
114-44-1504-2,114-44-1491-7,D,Assignment,2,1,0,2,0,1,1,0,0,0,0,[]
114-44-1491-8,114-44-0-0,L,for/while,8,77,1,16,1,11,5,0,1,0,1,[1505]
114-44-1505-1,114-44-1491-8,D,Assignment,4,1,0,4,0,3,1,0,0,0,0,[]
114-44-1505-2,114-44-1491-8,B,if-else/switch,2,12,2,0,0,0,0,0,0,0,0,"[1506, 1507]"
114-44-1506-1,114-44-1505-2,B,if,0,3,0,0,0,0,0,0,0,0,0,[]
114-44-1507-1,114-44-1505-2,B,if,0,3,0,0,0,0,0,0,0,0,0,[]
114-44-1505-3,114-44-1491-8,B,if,1,38,1,0,0,0,0,0,0,0,0,[1508]
114-44-1508-1,114-44-1505-3,B,if-else/switch,2,35,3,0,0,0,0,0,0,0,0,"[1509, 1511, 1513]"
114-44-1509-1,114-44-1508-1,B,if,0,5,1,0,0,0,0,0,0,0,0,[1510]
114-44-1511-1,114-44-1508-1,B,if,0,5,1,0,0,0,0,0,0,0,0,[1512]
114-44-1505-4,114-44-1491-8,D,Assignment,4,5,0,4,0,3,1,0,0,0,0,[]
114-44-1505-5,114-44-1491-8,D,Assignment,2,1,0,2,0,1,1,0,0,0,0,[]
114-44-1505-6,114-44-1491-8,D,Assignment,2,1,0,2,0,1,1,0,0,0,0,[]
114-44-1505-7,114-44-1491-8,D,Assignment,1,1,0,1,0,0,1,0,0,0,0,[]
114-44-1505-8,114-44-1491-8,D,Assignment,1,2,0,3,1,3,0,0,1,0,1,[]
